Name	Price	Brand	Screen Size	Screen Type	CPU Brand	CPU Type	CPU Gen	Ram	Capacity	Storage Type	GPU	OS	Weight
Aspire 5 A514-52-33AB (NX.HMHSV.001)	11990.0	acer	14	fhd	intel	3	10	4	256	ssd	uhd 620	win10	1.6
Aspire 3 A315-54K-36QU (NX.HEESV.007)	9990.0	acer	15	fhd	intel	3	7	4	256	ssd	hd 620	win10	1.7
Swift 3 SF315-52-52Z7 (NX.GZBSV.004)	15999.0	acer	15	fhd	intel	5	8	4	1000	hdd	uhd 620	win10	1.6
Swift 3 SF315-52-38YQ (NX.GZBSV.003)	13499.0	acer	15	fhd	intel	3	8	4	1000	hdd	uhd 620	win10	1.6
Swift 3 SF314-56-38UE (NX.H4CSV.005)	14499.0	acer	14	fhd	intel	3	8	4	256	ssd	uhd 620	win10	1.5
Nitro 5 AN515-54-59SF (NH.Q5ASV.013)	22490.0	acer	15	fhd	intel	5	9	8	512	ssd	gtx 1050	win10	2.3
Aspire 5 A515-54-54EU (NX.HN3SV.002)	15990.0	acer	15	fhd	intel	5	10	8	512	ssd	uhd 620	win10	1.7
Aspire 5 A515-54G-51J3 (NX.HN5SV.003)	17990.0	acer	15	fhd	intel	5	10	8	1000	ssd	uhd 620	win10	1.7
Nitro 5 AN515-54-51X1 (NH.Q5ASV.011)	21990.0	acer	15	fhd	intel	5	9	8	256	ssd	gtx 1050	win10	2.3
Nitro 5 AN515-43-R84R (NH.Q5XSV.001)	18999.0	acer	15	fhd	amd	5	3	8	256	ssd	radeon rx 560x	win10	2.3
Aspire 3 A315-54-3501 (NX.HEFSV.003)	10990.0	acer	15	fhd	intel	3	8	4	256	ssd	uhd 620	win10	1.7
Nitro 5 AN515-52-53PC (NH.Q3MSV.00B)	18990.0	acer	15	fhd	intel	5	8	8	512	ssd	gtx 1050	win10	2.5
Swift 3 SF314-41-R4J1 (NX.HFDSV.001)	12990.0	acer	14	fhd	amd	3	3	4	256	ssd	radeon vega 3	win10	1.5
Aspire 5 A515-53-50ZD (NX.H6DSV.001)	14990.0	acer	15	hd	intel	5	8	4	1000	hdd	uhd 620	win10	2.0
Swift 5 SF514-53T-58PN (NX.H7HSV.001)	23990.0	acer	14	fhd	intel	5	8	8	256	ssd	uhd 620	win10	1.0
Aspire 5 A514-51-58ZJ (NX.H6XSV.001)	14990.0	acer	14	hd	intel	5	8	4	1000	hdd	uhd 620	win10	1.9
Aspire 5 A515-53-5112 (NX.H6DSV.002)	14990.0	acer	15	fhd	intel	5	8	4	1000	hdd	uhd 620	win10	2.1
Nitro 5 AN515-54-595D (NH.Q59SV.025)	25490.0	acer	15	fhd	intel	5	9	8	512	ssd	gtx 1650	win10	2.3
Swift 3 SF314-41-R8VS (NX.HFDSV.002)	14990.0	acer	14	fhd	amd	5	3	4	256	ssd	radeon vega 8	win10	1.5
Nitro 5 AN515-54-71HS (NH.Q59SV.018)	27990.0	acer	15	fhd	intel	7	9	8	256	ssd	gtx 1650	win10	2.3
Aspire 5 A514-52-54L3 (NX.HDTSV.003)	13990.0	acer	14	fhd	intel	5	8	4	1000	hdd	uhd 620	win10	1.7
Spin 3 SP314-51-36JE (NX.GUWSV.005)	13899.0	acer	14	fhd	intel	3	7	4	1000	hdd	hd 620	win10	1.7
Swift 3 SF314-56-596E (NX.H4CSV.006)	17999.0	acer	14	fhd	intel	5	8	4	256	ssd	uhd 620	win10	1.5
Aspire 5 A515-54-59KT (NX.HFNSV.009)	13990.0	acer	15	fhd	intel	5	8	4	1000	hdd	uhd 620	win10	1.7
Aspire E5-476-399X (NX.GWTSV.008)	10390.0	acer	14	hd	intel	3	8	4	1000	hdd	uhd 620	win10	1.8
Swift 3 SF314-56-50AZ (NX.H4CSV.008)	18790.0	acer	14	fhd	intel	5	8	8	256	ssd	uhd 620	win10	1.5
Aspire 3 A315-34-P3LC (NX.HE3SV.004)	7790.0	acer	15	hd	intel	1	5	4	256	ssd	uhd 605	win10	1.7
Swift 3 SF315-51G-535X (NX.GSJSV.005)	19999.0	acer	15	fhd	intel	5	8	8	1000	hdd	mx150	win10	2.1
Nitro 5 AN515-54-76RK (NH.Q59SV.023)	28490.0	acer	15	fhd	intel	7	9	8	512	ssd	gtx 1650	win10	2.3
Nitro 5 AN515-54-52EZ (NH.Q59SV.019)	24990.0	acer	15	fhd	intel	5	9	8	256	ssd	gtx 1650	win10	2.3
Aspire 3 A315-54-368N (NX.HM2SV.004)	11990.0	acer	15	fhd	intel	3	10	8	512	ssd	uhd	win10	1.7
Predator Helios 300 PH315-52-78HH (NH.Q53SV.008)	37990.0	acer	15	fhd	intel	7	9	8	256	ssd	gtx 1660 ti	win10	2.4
Aspire 5 A515-54-36H3 (NX.HFNSV.006)	11990.0	acer	15	fhd	intel	3	8	4	1000	hdd	uhd 620	win10	1.7
Aspire 3 A315-54K-31DA (NX.HFYSV.001)	9990.0	acer	15	fhd	intel	3	7	4	256	ssd	hd 620	win10	1.7
Aspire 3 A315-42-R8PX (NX.HF9SV.00A)	10990.0	acer	15	fhd	amd	3	3	8	256	ssd	radeon vega 3	win10	1.7
Swift 3 SF314-41-R8G9 (NX.HFDSV.003)	16990.0	acer	14	fhd	amd	7	3	8	512	ssd	radeon rx vega 10	win10	1.5
Aspire 3 A315-54-59ZJ (NX.HM2SV.005)	14490.0	acer	15	fhd	intel	5	10	8	512	ssd	uhd	win10	1.7
Aspire 3 A315-54K-32SD (NX.HFXSV.001)	9990.0	acer	15	fhd	intel	3	7	4	256	ssd	hd 620	win10	1.7
Aspire 3 A315-54-36QY (NX.HM2SV.001)	10990.0	acer	15	fhd	intel	3	10	4	256	ssd	uhd	win10	1.7
Predator Helios 300 PH315-51-7533 (NH.Q3FSV.002)	34990.0	acer	15	fhd	intel	7	8	8	1000	hdd	gtx 1060	free dos	2.6
Swift 5 SF514-53T-740R (NX.H7KSV.002)	27990.0	acer	14	fhd	intel	7	8	8	256	ssd	uhd 620	win10	1.0
Swift 3 SF313-51-56UW (NX.H3ZSV.002)	26490.0	acer	13	fhd	intel	5	8	8	256	ssd	uhd 620	win10	1.4
Swift 3 SF314-56G-78QS (NX.HAQSV.001)	24990.0	acer	14	fhd	intel	7	8	8	512	ssd	mx250	win10	1.5
Aspire 3 A315-54-52HT (NX.HM2SV.002)	12990.0	acer	15	fhd	intel	5	10	4	256	ssd	uhd	win10	1.7
Nitro 5 AN515-54-784P (NH.Q59SV.013)	28990.0	acer	15	fhd	intel	7	9	8	1000	hdd	gtx 1650	win10	2.3
Nitro 5 AN515-52-51LW (NH.Q3LSV.002)	24040.0	acer	15	fhd	intel	5	8	8	1000	hdd	gtx 1050 ti	free dos	2.4
Swift 3 SF315-51-54H0 (NX.GSKSV.004)	16990.0	acer	15	fhd	intel	5	8	4	1000	hdd	uhd 620	win10	2.1
Aspire 3 A315-42-R2NS (NX.HF9SV.005)	9990.0	acer	15	fhd	amd	3	3	4	256	ssd	radeon vega 3	win10	1.7
Aspire 3 A315-42-R4XD (NX.HF9SV.008)	13990.0	acer	15	fhd	amd	5	3	8	512	ssd	radeon vega 8	win10	1.7
Aspire 3 A315-54-558R (NX.HEFSV.005)	11990.0	acer	15	fhd	intel	5	8	4	1000	hdd	uhd 620	win10	1.7
Swift 3 SF314-57G-53T1 (NX.HJESV.001)	19990.0	acer	14	fhd	intel	5	10	8	512	ssd	mx250	win10	1.2
Nitro 5 AN515-54-778L (NH.Q59SV.016)	32990.0	acer	15	fhd	intel	7	9	8	256	ssd	gtx 1650	win10	2.3
Nitro 5 AN515-54-58TJ (NH.Q5ASV.015)	22490.0	acer	15	fhd	intel	5	9	8	512	ssd	gtx 1050	win10	2.3
Swift 3 SF314-57-52GB (NX.HJFSV.001)	18990.0	acer	14	fhd	intel	5	10	8	512	ssd	uhd	win10	1.2
Spin 3 SP314-51-57RM (NX.GUWSV.004)	16199.0	acer	14	fhd	intel	5	8	4	1000	hdd	uhd 620	win10	1.7
Aspire 3 A315-54-57PJ (NX.HEFSV.004)	12990.0	acer	15	fhd	intel	5	8	4	256	ssd	uhd 620	win10	1.7
Swift 3 SF314-57-54B2 (NX.HJKSV.001)	18990.0	acer	14	fhd	intel	5	10	8	512	ssd	uhd	win10	1.2
Nitro 5 AN515-54-53P6 (NH.Q59SV.02A)	25490.0	acer	15	fhd	intel	5	9	8	512	ssd	gtx 1650	win10	2.3
Swift 5 SF514-53T-51EX (NX.H7KSV.001)	23990.0	acer	14	fhd	intel	5	8	8	256	ssd	uhd 620	win10	1.0
Swift 3 SF314-54-51QL (NX.GXZSV.001)	17290.0	acer	14	fhd	intel	5	8	4	1000	hdd	uhd 620	win10	1.5
Nitro 5 AN515-54-59WX (NH.Q59SV.012)	25490.0	acer	15	fhd	intel	5	8	8	1000	hdd	gtx 1650	win10	2.3
3 SF315-52G-87N4 (NX.GZCSV.005)	23590.0	acer	15	fhd	intel	7	8	8	128	ssd	mx150	win10	1.7
Nitro 5 AN515-52-70TD (NH.Q3LSV.008)	29990.0	acer	15	fhd	intel	7	8	8	1000	hdd	gtx 1050 ti	free dos	2.4
Swift 3 SF314-54-38J3 (NX.GXZSV.005)	14490.0	acer	14	fhd	intel	3	8	4	1000	hdd	uhd 620	win10	1.5
Swift 1 SF114-32-C7U5 (NX.GZJSV.003)	8999.0	acer	14	fhd	intel	1	4	4	64	emmc	uhd 600	win10	1.4
Nitro 7 AN715-51-750K (NH.Q5HSV.003)	34990.0	acer	15	fhd	intel	7	9	8	256	ssd	gtx 1660 ti	win10	2.4
Aspire 3 A315-54K-30FK (NX.HEESV.003)	9890.0	acer	15	hd	intel	3	7	4	1000	hdd	hd 620	win10	1.7
Predator Helios 300 PH315-51-759Y (NH.Q3FSV.004)	40990.0	acer	15	fhd	intel	7	8	16	1000	hdd	gtx 1060	free dos	2.6
Aspire E5-575-35M7 (NX.GLBSV.010)	9499.0	acer	15	fhd	intel	3	6	4	500	hdd	hd 520	free dos	2.2
Aspire E5-476-58KG (NX.GRDSV.001)	12899.0	acer	14	fhd	intel	5	8	4	1000	hdd	uhd 620	free dos	2.0
Aspire E5-576G-87FG (NX.GRQSV.002)	16999.0	acer	15	fhd	intel	7	8	4	1000	hdd	mx150	free dos	2.2
Aspire E5-576G-57Y2 (NX.GSBSV.001)	14790.0	acer	15	fhd	intel	5	8	4	1000	hdd	mx150	free dos	2.2
Aspire E5-576-34ND (NX.GRYSV.004)	10790.0	acer	15	fhd	intel	3	8	4	1000	hdd	uhd 620	win10	2.2
Aspire E5-576-88EP (NX.H2ESV.001)	17490.0	acer	15	fhd	intel	7	8	4	1000	hdd	mx130	win10	2.2
Aspire E5-576-54WQ (NX.GRYSV.001)	12890.0	acer	15	fhd	intel	5	8	4	1000	hdd	uhd 620	free dos	2.2
Swift 5 SF514-53T-720R (NX.H7HSV.002)	27990.0	acer	14	fhd	intel	7	8	8	256	ssd	uhd 620	win10	1.0
Predator Helios 300 PH315-52-7688 (NH.Q54SV.002)	44990.0	acer	15	fhd	intel	7	9	16	256	ssd	rtx 2060	win10	2.4
Nitro 7 AN715-51-71F8 (NH.Q5HSV.004)	34990.0	acer	15	fhd	intel	7	9	8	512	ssd	gtx 1660 ti	win10	2.3
Swift 3 SF315-51-530V (NX.GSKSV.001)	16990.0	acer	15	fhd	intel	5	8	4	1000	hdd	uhd 620	win10	2.1
Nitro 5 AN515-52-75FT (NH.Q3LSV.003)	24790.0	acer	15	fhd	intel	7	8	8	1000	hdd	gtx 1050 ti	free dos	2.4
Swift 1 SF114-32-C9FV (NX.GXQSV.002)	8999.0	acer	14	fhd	intel	1	4	4	64	emmc	uhd 600	win10	1.4
Swift 5 SF515-51T-77M4 (NX.H69SV.002)	32990.0	acer	15	fhd	intel	7	8	8	256	ssd	uhd 620	win10	1.0
Swift 5 SF515-51T-71Q1 (NX.H7QSV.002)	32990.0	acer	15	fhd	intel	7	8	8	256	ssd	uhd 620	win10	1.0
Nitro 5 AN515-54-71UP (NH.Q5ASV.008)	24990.0	acer	15	fhd	intel	7	8	8	256	ssd	gtx 1050	win10	2.2
Aspire 5 A514-52-516K (NX.HMHSV.002)	14490.0	acer	14	fhd	intel	5	10	4	256	ssd	uhd 620	win10	1.6
Predator Triton 500 PT515-51-73AA (NH.Q50SV.004)	49990.0	acer	15	fhd	intel	7	9	16	256	ssd	rtx 2060	win10	2.1
Swift 7 SF714-52T-7134 (NX.H98SV.002)	49990.0	acer	14	fhd	intel	7	8	16	512	ssd	uhd 615	win10	0.8
Swift 7 SF714-52T-710F (NX.HB4SV.002)	49990.0	acer	14	fhd	intel	7	8	16	512	ssd	uhd 615	win10	0.8
Swift 3 SF314-58-39BZ (NX.HPMSV.007)	14990.0	acer	14	fhd	intel	3	10	4	512	ssd	uhd	win10	1.2
Swift 3 SF314-58-55RJ (NX.HPMSV.006)	17990.0	acer	14	fhd	intel	5	10	4	512	ssd	uhd	win10	1.5
VivoBook 14 A412FA-EK377T	12590.0	asus	14	fhd	intel	3	8	4	256	ssd	uhd 620	win10	1.5
ROG Strix G G531GD-AL025T	22990.0	asus	15	fhd	intel	5	9	8	512	ssd	gtx 1050	win10	2.4
VivoBook 14 A412FA-EK156T	11990.0	asus	14	fhd	intel	3	8	4	1000	hdd	uhd 620	win10	1.5
VivoBook X407MA-BV043T	6390.0	asus	14	hd	intel	1	4	4	1000	hdd	uhd 600	win10	1.5
TUF Gaming FX505DD-AL186T	21990.0	asus	15	fhd	amd	5	3	8	512	ssd	gtx 1050	win10	2.2
VivoBook 15 A512FA-EJ202T	15990.0	asus	15	fhd	intel	5	8	8	1000	hdd	uhd 620	win10	1.7
VivoBook 15 A512FA-EJ117T	12290.0	asus	15	fhd	intel	3	8	4	1000	hdd	uhd 620	win10	1.7
TUF Gaming FX505GD-BQ012T	21490.0	asus	15	fhd	intel	5	8	8	1000	hdd	gtx 1050	win10	2.2
VivoBook 15 A512DA-EJ422T	15290.0	asus	15	fhd	amd	5	3	8	512	ssd	radeon vega 8	win10	1.6
VivoBook X407UF-BV056T	13390.0	asus	14	hd	intel	5	8	4	1000	hdd	mx130	win10	1.6
VivoBook S15 S531FL-BQ190T	20790.0	asus	15	fhd	intel	5	8	8	512	ssd	mx250	win10	1.7
VivoBook 15 A512FL-EJ166T	21990.0	asus	15	fhd	intel	7	8	8	512	ssd	mx250	win10	1.7
ZenBook 14 UX433FA-A6113T	22990.0	asus	14	fhd	intel	5	8	8	256	ssd	uhd 620	win10	1.2
14 X409FA-EK199T	13390.0	asus	14	fhd	intel	5	8	4	1000	hdd	uhd 620	win10	1.5
VivoBook S15 S530FA-BQ066T	17190.0	asus	15	fhd	intel	5	8	4	1000	hdd	uhd 620	win10	1.8
ZenBook 13 UX333FA-A4011T	22990.0	asus	13	fhd	intel	5	8	8	256	ssd	uhd 620	win10	1.2
VivoBook S14 S431FA-EB075T	18990.0	asus	14	fhd	intel	5	8	8	512	ssd	uhd 620	win10	1.4
VivoBook 15 A512DA-EJ406T	15290.0	asus	15	fhd	amd	5	3	8	512	ssd	radeon vega 8	win10	1.6
ZenBook 13 UX333FA-A4181T	22990.0	asus	13	fhd	intel	5	8	8	256	ssd	uhd 620	win10	1.2
VivoBook 15 A512FA-EJ837T	13290.0	asus	15	fhd	intel	3	8	4	512	ssd	uhd 620	win10	1.7
15 X509FJ-EJ153T	14890.0	asus	15	fhd	intel	5	8	4	1000	hdd	mx230	win10	1.8
ROG Strix G G531GD-AL034T	26490.0	asus	15	fhd	intel	7	9	8	512	ssd	gtx 1050	win10	2.4
VivoBook X507UF-EJ121T	14590.0	asus	15	fhd	intel	5	8	4	1000	hdd	mx130	win10	1.7
14 X409UA-EK092T	10390.0	asus	14	fhd	intel	3	7	4	1000	hdd	hd 620	win10	1.6
VivoBook X505ZA-EJ563T	12990.0	asus	15	fhd	amd	5	2	4	1000	hdd	radeon vega 8	win10	1.7
ZenBook 14 UX433FA-A6061T	22990.0	asus	14	fhd	intel	5	8	8	256	ssd	uhd 620	win10	1.2
VivoBook S14 S430FA-EB069T	13890.0	asus	14	fhd	intel	3	8	4	1000	hdd	uhd 620	win10	1.4
VivoBook S14 S430FA-EB074T	16890.0	asus	14	fhd	intel	5	8	4	1000	hdd	uhd 620	win10	1.4
VivoBook 15 A512FA-EJ1170T	13290.0	asus	15	fhd	intel	3	8	4	512	ssd	uhd 620	win10	1.7
15 X509FJ-EJ155T	15890.0	asus	15	fhd	intel	5	8	4	512	ssd	mx230	win10	1.7
VivoBook 14 A412FA-EK223T	12990.0	asus	14	fhd	intel	3	8	4	512	ssd	uhd 620	win10	1.5
PRO P1440FA-FA0609T	12690.0	asus	14	fhd	intel	3	8	4	1000	hdd	uhd 620	win10	1.8
ROG Strix SCAR II GL504GM-ES312T	39990.0	asus	15	fhd	intel	7	8	8	256	ssd	gtx 1060	win10	2.4
VivoBook 14 A412FA-EK153T	15990.0	asus	14	fhd	intel	5	8	8	1000	hdd	uhd 620	win10	1.5
ROG Strix G G531GT-AL017T	28990.0	asus	15	fhd	intel	7	9	8	512	ssd	gtx 1650	win10	2.3
VivoBook S13 S330FA-EY004T	14990.0	asus	13	fhd	intel	3	8	4	256	ssd	uhd 620	win10	1.2
ZenBook 14 UX433FA-A6076T	27490.0	asus	14	fhd	intel	7	8	8	512	ssd	uhd 620	win10	1.2
TUF Gaming FX505DT-AL003T	23490.0	asus	15	fhd	amd	7	3	8	512	ssd	gtx 1650	win10	2.2
VivoBook S15 S531FA-BQ104T	19290.0	asus	15	fhd	intel	5	8	8	512	ssd	uhd 620	win10	1.7
VivoBook X407UA-BV345T	9990.0	asus	14	hd	intel	3	7	4	1000	hdd	hd 620	win10	1.5
VivoBook X507MA-BR059T	7490.0	asus	15	hd	intel	1	5	4	1000	hdd	uhd 605	win10	1.7
VivoBook 15 A512FL-EJ164T	18990.0	asus	15	fhd	intel	5	8	8	512	ssd	mx250	win10	1.7
ROG Strix G G531GT-AL007T	25490.0	asus	15	fhd	intel	5	9	8	512	ssd	gtx 1650	win10	2.4
VivoBook S15 S530UN-BQ263T	18090.0	asus	15	fhd	intel	5	8	4	1000	hdd	mx150	win10	1.8
ZenBook 13 UX333FA-A4046T	22990.0	asus	13	fhd	intel	5	8	8	256	ssd	uhd 620	win10	1.2
VivoBook S14 S430FA-EB075T	16890.0	asus	14	fhd	intel	5	8	4	1000	hdd	uhd 620	win10	1.4
15 X509FA-EJ099T	11490.0	asus	15	fhd	intel	3	8	4	1000	hdd	uhd 620	win10	1.8
VivoBook S15 S530FA-BQ431T	14790.0	asus	15	fhd	intel	3	8	4	256	ssd	uhd 620	win10	1.8
14 X409UA-EK093T	10390.0	asus	14	fhd	intel	3	7	4	1000	hdd	hd 620	win10	1.6
VivoBook 14 A412FJ-EK149T	18490.0	asus	14	fhd	intel	5	8	8	512	ssd	mx230	win10	1.5
VivoBook S15 S530FA-BQ186T	14190.0	asus	15	fhd	intel	3	8	4	1000	hdd	uhd 620	win10	1.8
VivoBook 15 A512FL-EJ165T	20990.0	asus	15	fhd	intel	7	8	8	1000	hdd	mx250	win10	1.7
VivoBook S15 S530UA-BQ072T	13690.0	asus	15	fhd	intel	3	8	4	1000	hdd	uhd 620	win10	1.8
VivoBook S15 S530UA-BQ100T	16190.0	asus	15	fhd	intel	5	8	4	1000	hdd	uhd 620	win10	1.8
VivoBook S15 S530UA-BQ278T	16190.0	asus	15	fhd	intel	5	8	4	1000	hdd	uhd 620	win10	1.8
15 X509FA-EJ101T	13590.0	asus	15	fhd	intel	5	8	4	1000	hdd	uhd 620	win10	1.9
VivoBook 15 A512FA-EJ555T	12890.0	asus	15	fhd	intel	3	8	4	256	ssd	uhd 620	win10	1.7
PRO P1440FA-FA0420T	12590.0	asus	14	fhd	intel	3	8	4	256	ssd	uhd 620	win10	1.6
VivoBook S14 S410UN-EB279T	18990.0	asus	14	fhd	intel	5	8	4	1000	hdd	mx150	win10	1.3
PRO P1440UA-FQ0083T	14990.0	asus	14	hd	intel	5	8	4	1000	hdd	uhd 620	win10	1.7
VivoBook S15 S530FN-BQ138T	22090.0	asus	15	fhd	intel	7	8	8	1000	hdd	mx150	win10	1.7
TUF Gaming FX705DD-AU059T	21990.0	asus	17	fhd	amd	7	3	8	512	ssd	gtx 1050	win10	2.7
ZenBook 14 UX433FA-A6111T	27490.0	asus	14	fhd	intel	7	8	8	512	ssd	uhd 620	win10	1.2
VivoBook S15 S530FN-BQ133T	19590.0	asus	15	fhd	intel	5	8	4	512	ssd	mx150	win10	1.8
VivoBook S13 S330FA-EY113T	16490.0	asus	13	fhd	intel	3	8	8	512	ssd	uhd 620	win10	1.2
ZenBook 13 UX333FA-A4117T	23490.0	asus	13	fhd	intel	5	8	8	512	ssd	uhd 620	win10	1.2
VivoBook 14 A412FJ-EK192T	20490.0	asus	14	fhd	intel	7	8	8	1000	hdd	mx230	win10	1.5
ROG Zephyrus S GX531GM-ES004T	54990.0	asus	15	fhd	intel	7	8	16	512	ssd	gtx 1060	win10	2.1
PRO P1440UA-FQ0058T	12990.0	asus	14	hd	intel	3	8	4	1000	hdd	uhd 620	win10	1.7
ZenBook Flip 13 UX362FA-EL205T	26990.0	asus	13	fhd	intel	5	8	8	512	ssd	uhd 620	win10	1.3
ZenBook 13 UX333FA-A4118T	22990.0	asus	13	fhd	intel	5	8	8	512	ssd	uhd 620	win10	1.2
VivoBook S14 S430FA-EB021T	14490.0	asus	14	fhd	intel	3	8	4	256	ssd	uhd 620	win10	1.4
TUF Gaming FX505DU-AL070T	26990.0	asus	15	fhd	amd	7	3	8	512	ssd	gtx 1660 ti	win10	2.2
VivoBook S14 S431FA-EB076T	18990.0	asus	14	fhd	intel	5	8	8	512	ssd	uhd 620	win10	1.4
VivoBook S14 S430UA-EB003T	13390.0	asus	14	fhd	intel	3	8	4	1000	hdd	uhd 620	win10	1.4
VivoBook S14 S430FA-EB071T	13890.0	asus	14	fhd	intel	3	8	4	1000	hdd	uhd 620	win10	1.4
VivoBook A411UN-BV349T	15190.0	asus	14	hd	intel	5	8	4	1000	hdd	mx150	win10	1.4
VivoBook 15 A512FA-EJ1171T	13290.0	asus	15	fhd	intel	3	8	4	512	ssd	uhd 620	win10	1.7
VivoBook S13 S330FA-EY115T	16490.0	asus	13	fhd	intel	3	8	8	512	ssd	uhd 620	win10	1.2
VivoBook 14 A412FJ-EK148T	17490.0	asus	14	fhd	intel	5	8	8	1000	hdd	mx230	win10	1.5
ZenBook 14 UX433FN-A6124T	24900.0	asus	14	fhd	intel	5	8	8	512	ssd	mx150	win10	1.2
VivoBook S15 S530UN-BQ028T	22190.0	asus	15	fhd	intel	7	8	8	256	ssd	mx150	win10	1.7
VivoBook S15 S530FN-BQ139T	22090.0	asus	15	fhd	intel	7	8	8	1000	hdd	mx150	win10	1.8
ZenBook Flip 13 UX362FA-EL206T	29990.0	asus	13	fhd	intel	7	8	16	512	ssd	uhd 620	win10	1.3
VivoBook S14 S430FA-EB070T	13890.0	asus	14	fhd	intel	3	8	4	1000	hdd	uhd 620	win10	1.4
15 X509FA-EJ203T	14590.0	asus	15	fhd	intel	5	8	4	512	ssd	uhd 620	win10	1.9
VivoBook S13 S330FA-EY114T	16490.0	asus	13	fhd	intel	3	8	8	512	ssd	uhd 620	win10	1.2
15 X509FJ-EJ158T	19090.0	asus	15	fhd	intel	7	8	4	512	ssd	mx230	win10	1.9
VivoBook S15 S530UN-BQ255T	18690.0	asus	15	fhd	intel	5	8	4	256	ssd	mx150	win10	1.8
ZenBook 15 UX533FD-A9091T	26490.0	asus	15	fhd	intel	5	8	8	256	ssd	gtx 1050	win10	1.7
VivoBook S15 S530FN-BQ128T	18090.0	asus	15	fhd	intel	5	8	4	1000	hdd	mx150	win10	1.7
VivoBook X542UA-GQ857T	10990.0	asus	15	hd	intel	3	8	4	1000	hdd	uhd 620	win10	2.0
VivoBook S15 S530FA-BQ032T	16690.0	asus	15	fhd	intel	5	8	4	1000	hdd	uhd 620	win10	1.8
VivoBook X507UF-EJ079T	16690.0	asus	15	fhd	intel	7	8	4	1000	hdd	mx130	win10	1.7
VivoBook X407UB-BV146T	13190.0	asus	14	hd	intel	5	8	4	1000	hdd	mx110	win10	1.5
VivoBook X507UA-EJ314T	10190.0	asus	15	fhd	intel	3	7	4	1000	hdd	hd 620	win10	1.7
VivoBook X507UA-EJ483T	12890.0	asus	15	fhd	intel	5	8	4	1000	hdd	uhd 620	win10	1.7
ZenBook 13 UX333FA-A4116T	26490.0	asus	13	fhd	intel	7	8	8	512	ssd	uhd 620	win10	1.2
ZenBook 15 UX533FD-A9035T	26490.0	asus	15	fhd	intel	5	8	8	256	ssd	gtx 1050	win10	1.7
ZenBook 13 UX333FA-A4184T	22990.0	asus	13	fhd	intel	5	8	8	512	ssd	uhd 620	win10	1.2
ZenBook 14 UX431FA-AN016T	21490.0	asus	14	fhd	intel	5	8	8	512	ssd	uhd 620	win10	1.5
VivoBook X505BA-BR312T	7990.0	asus	15	hd	intel	9	9	4	1000	hdd	radeon r5	win10	1.7
VivoBook 15 A512FA-EJ440T	17290.0	asus	15	fhd	intel	5	8	8	512	ssd	uhd 620	win10	1.7
VivoBook 14 A412FA-EK224T	16990.0	asus	14	fhd	intel	5	8	8	512	ssd	uhd 620	win10	1.4
14 X409FA-EK099T	13190.0	asus	14	fhd	intel	5	8	4	1000	hdd	uhd 620	win10	1.5
VivoBook 15 A512DA-EJ421T	11890.0	asus	15	fhd	amd	3	3	4	256	ssd	radeon vega 3	win10	1.6
ROG Zephyrus S GX502GV-AZ061T	54990.0	asus	15	fhd	intel	7	9	16	512	ssd	rtx 2060	win10	2.0
VivoBook S13 S330FA-EY116T	19490.0	asus	13	fhd	intel	5	8	8	512	ssd	uhd 620	win10	1.2
VivoBook S15 S510UN-BQ276T	16790.0	asus	15	fhd	intel	5	8	4	1000	hdd	mx150	win10	1.6
VivoBook A411UF-BV087T	14490.0	asus	14	hd	intel	5	8	4	1000	hdd	mx130	win10	1.4
VivoBook A510UA-EJ111T	11890.0	asus	15	fhd	intel	3	8	4	1000	hdd	uhd 620	win10	1.7
VivoBook X507UF-EJ078T	14190.0	asus	15	fhd	intel	5	8	4	1000	hdd	mx130	win10	1.7
VivoBook X407UA-BV309T	9990.0	asus	14	hd	intel	3	7	4	1000	hdd	hd 620	win10	1.5
VivoBook S14 S430UA-EB132T	16390.0	asus	14	fhd	intel	5	8	4	1000	hdd	uhd 620	win10	1.4
VivoBook X507UA-EJ403T	10890.0	asus	15	fhd	intel	3	8	4	1000	hdd	uhd 620	win10	1.7
ROG Strix SCAR II GL504GM-ES044T	45490.0	asus	15	fhd	intel	7	8	16	1000	hdd	gtx 1060	win10	2.4
VivoBook S15 S530UN-BQ198T	21590.0	asus	15	fhd	intel	7	8	8	1000	hdd	mx150	win10	1.8
VivoBook A510UA-EJ1123T	11590.0	asus	15	fhd	intel	3	8	4	1000	hdd	uhd 620	win10	1.7
ZenBook 13 UX333FN-A4124T	24990.0	asus	13	fhd	intel	5	8	8	512	ssd	mx150	win10	1.2
VivoBook X507MA-BR072T	6490.0	asus	15	hd	intel	1	4	4	1000	hdd	uhd 600	win10	1.7
TUF Gaming FX505GM-BN117T	28490.0	asus	15	fhd	intel	5	8	8	1000	hdd	gtx 1060	win10	2.2
PRO P1440UA-FQ0163	13990.0	asus	14	hd	intel	5	8	4	500	hdd	uhd 620	endless	1.7
VivoBook X505ZA-EJ492	9990.0	asus	15	hd	intel	3	2	4	1000	hdd	radeon vega 3	win10	1.6
VivoBook X407UA-BV551T	7490.0	asus	14	hd	intel	1	4	4	1000	hdd	hd 610	win10	1.6
VivoBook S15 S530FA-BQ067T	17190.0	asus	15	fhd	intel	5	8	4	1000	hdd	uhd 620	win10	1.8
ROG Zephyrus G GA502DU-AL024T	31990.0	asus	15	fhd	amd	7	3	8	512	ssd	gtx 1660 ti	win10	2.1
ROG Strix Scar III G531GV-VAZ160T	51990.0	asus	15	fhd	intel	7	9	16	512	ssd	rtx 2060	win10	2.6
15 X509FA-EJ201T	13590.0	asus	15	fhd	intel	5	8	4	1000	hdd	uhd 620	win10	1.9
PRO P1440FA-FA0425T	15990.0	asus	14	fhd	intel	5	8	4	256	ssd	uhd 620	win10	1.6
VivoBook S14 S410UA-EB003T	15690.0	asus	14	fhd	intel	5	8	4	1000	hdd	uhd 620	win10	1.4
FX503VM-E4087T	26990.0	asus	15	fhd	intel	5	7	8	1000	hdd	gtx 1060	win10	2.6
VivoBook S S410UN-EB022T	19490.0	asus	14	hd	intel	5	8	4	128	ssd	nvidia mx150 2gb	win10	1.4
VivoBook Flip TP410UF-EC029T	17290.0	asus	14	fhd	intel	5	8	4	1000	hdd	mx130	win10	1.6
VivoBook A510UA-BR333T	11390.0	asus	15	hd	intel	3	8	4	1000	hdd	uhd 620	win10	1.7
TUF Gaming FX504GE-EN047T	27290.0	asus	15	fhd	intel	7	8	8	1000	hdd	gtx 1050 ti	win10	2.3
VivoBook S14 S430UA-EB010T	13390.0	asus	14	fhd	intel	3	8	4	1000	hdd	uhd 620	win10	1.4
VivoBook S15 S530UN-BQ026T	18090.0	asus	15	fhd	intel	5	8	4	1000	hdd	mx150	win10	1.8
VivoBook Max X441MA-GA023T	7190.0	asus	14	hd	intel	1	5	4	1000	hdd	uhd 605	win10	1.7
VivoBook S15 S530UA-BQ034T	13690.0	asus	15	fhd	intel	3	8	4	1000	hdd	uhd 620	win10	1.8
VivoBook X507UA-EJ499T	10890.0	asus	15	fhd	intel	3	8	4	1000	hdd	uhd 620	win10	1.7
VivoBook S15 S530UA-BQ135T	13690.0	asus	15	fhd	intel	3	8	4	1000	hdd	uhd 620	win10	1.8
VivoBook A510UN-EJ463T	14990.0	asus	15	fhd	intel	5	8	4	1000	hdd	mx150	win10	1.7
VivoBook S15 S530UA-BQ145	13690.0	asus	15	fhd	intel	3	8	4	1000	hdd	uhd 620	win10	1.8
VivoBook X407MA-BV169T	7290.0	asus	14	hd	intel	1	5	4	1000	hdd	uhd 605	win10	1.7
VivoBook A411UA-EB1118T	12290.0	asus	14	fhd	intel	3	8	4	256	ssd	uhd 620	win10	1.4
ZenBook 13 UX333FN-A4125T	24990.0	asus	13	fhd	intel	5	8	8	512	ssd	mx150	win10	1.2
F560UD-BQ400T	18190.0	asus	15	fhd	intel	5	8	8	1000	hdd	gtx 1050	win10	2.0
VivoBook A510UN-EJ521T	18490.0	asus	15	fhd	intel	7	8	4	256	ssd	mx150	win10	1.7
VivoBook X505ZA-EJ493T	9990.0	asus	15	fhd	amd	2	2	4	1000	hdd	radeon vega 3	win10	1.7
VivoBook S15 S530FA-BQ190T	14790.0	asus	15	fhd	intel	3	8	4	256	ssd	uhd 620	win10	1.8
TUF Gaming FX705DT-AU017T	23490.0	asus	17	fhd	amd	7	3	8	512	ssd	gtx 1650	win10	2.7
VivoBook S14 S430FA-EB100T	17890.0	asus	14	fhd	intel	5	8	4	512	ssd	uhd 620	win10	1.4
VivoBook X507UA-EJ787T	10790.0	asus	15	fhd	intel	3	7	4	256	ssd	hd 620	win10	1.7
15 X509FJ-EJ053T	15090.0	asus	15	fhd	intel	5	8	4	1000	hdd	mx230	win10	1.8
VivoBook S14 S431FA-EB091T	18990.0	asus	14	fhd	intel	5	8	8	512	ssd	uhd 620	win10	1.4
TUF Gaming FX505GE-BQ052T	22490.0	asus	15	fhd	intel	5	8	8	1000	hdd	gtx 1050 ti	win10	2.2
VivoBook A510UF-EJ586T	17990.0	asus	15	fhd	intel	7	8	4	1000	hdd	mx130	win10	1.7
ROG Strix G G731GT-AU004T	30490.0	asus	17	fhd	intel	7	9	8	512	ssd	gtx 1650	win10	2.9
ROG Zephyrus M GU502GU-AZ090T	42990.0	asus	15	fhd	intel	7	9	16	512	ssd	gtx 1660 ti	win10	2.0
VivoBook 14 A412FA-EK287T	12990.0	asus	14	fhd	intel	3	8	4	512	ssd	uhd 620	win10	1.5
VivoBook X541NA-GQ252T	6490.0	asus	15	hd	intel	1	3	4	1000	hdd	hd 500	win10	2.0
ROG Zephyrus S GX531GW-ES006T	61990.0	asus	15	fhd	intel	7	8	16	512	ssd	rtx 2070	win10	2.1
ROG Zephyrus S GX531GV-ES010T	54990.0	asus	15	fhd	intel	7	8	16	512	ssd	rtx 2060	win10	2.1
Inspiron 5584-N5I5384W	18190.0	dell	15	fhd	intel	5	8	4	1000	hdd	mx130	win10	1.95
Vostro 3480-2K47M1	15190.0	dell	14	hd	intel	5	8	4	1000	hdd	radeon 520	win10	1.8
Inspiron 3480-NT4X01	12390.0	dell	14	hd	intel	3	8	4	1000	hdd	uhd 620	win10	1.7
Vostro 3480-70187647	14490.0	dell	14	hd	intel	5	8	4	1000	hdd	uhd 620	win10	1.8
Vostro 3580-P75F010V80I	16290.0	dell	15	fhd	intel	5	8	4	1000	hdd	radeon 520	win10	2.3
Vostro 3580-T3RMD1	15290.0	dell	15	fhd	intel	5	8	4	1000	hdd	uhd 620	win10	2.1
Inspiron 3480-N4I5107W (Silver)	14490.0	dell	14	hd	intel	5	8	4	1000	hdd	uhd 620	win10	1.7
Inspiron 3580-P75F106N80I	15190.0	dell	15	hd	intel	5	8	4	1000	hdd	uhd 620	win10	2.3
Vostro 3580-T3RMD2	22390.0	dell	15	fhd	intel	7	8	8	256	ssd	radeon 520	win10	2.1
Inspiron 7591-KJ2G41	29990.0	dell	15	fhd	intel	7	9	8	256	ssd	gtx 1050	win10	1.8
Inspiron 3567-N3567U	9890.0	dell	15	fhd	intel	3	7	4	1000	hdd	hd 620	free dos	2.3
Vostro 3480-70187708	16190.0	dell	14	hd	intel	5	8	8	1000	hdd	uhd 620	win10	1.8
Inspiron 5584-CXGR01	18990.0	dell	15	fhd	intel	5	8	8	1000	hdd	uhd 620	win10	2.0
Inspiron 3481-030CX1	11780.0	dell	14	hd	intel	3	7	4	1000	hdd	hd 620	win10	1.7
Vostro 3490-70196714	15090.0	dell	14	hd	intel	5	10	4	1000	hdd	uhd	win10	1.7
Vostro 5481-V5481A	20490.0	dell	14	fhd	intel	5	8	4	1000	hdd	mx130	win10	1.6
Inspiron 3593-70197457	16390.0	dell	15	fhd	intel	5	10	4	1000	hdd	mx230	win10	2.2
Vostro 3578-NGMPF22	13490.0	dell	15	hd	intel	5	8	4	1000	hdd	uhd 620	free dos	2.2
Inspiron 5593-7WGNV1	19390.0	dell	15	fhd	intel	5	10	8	512	ssd	uhd	win10	1.8
Inspiron 5593-N5i5402W	17990.0	dell	15	fhd	intel	5	10	4	128	ssd	mx230	win10	1.8
Inspiron 5584-N5I5413W	21890.0	dell	15	fhd	intel	5	8	8	256	ssd	mx130	win10	1.95
Inspiron 3580-70194511	15690.0	dell	15	fhd	intel	5	8	4	1000	hdd	radeon 520	win10	2.3
Inspiron 5379-TI7501W	23990.0	dell	13	fhd	intel	7	8	8	1000	hdd	uhd 620	win10	1.7
Inspiron 5570-M5I5238	17490.0	dell	15	fhd	intel	5	8	4	1000	hdd	radeon 530	free dos	2.2
G5 5590-4F4Y41	34990.0	dell	15	fhd	intel	7	9	8	256	ssd	gtx 1650	win10	2.7
Inspiron 3480-N4I5107W (ƒêen)	14490.0	dell	14	hd	intel	5	8	4	1000	hdd	uhd 620	win10	1.7
Vostro 5481-V4I5229W	18490.0	dell	14	fhd	intel	5	8	4	1000	hdd	uhd 620	win10	1.6
G5 5590-4F4Y42	44990.0	dell	15	fhd	intel	7	9	16	512	ssd	rtx 2060	win10	2.7
Vostro 3590-V5I3505W	13290.0	dell	15	fhd	intel	3	8	4	1000	hdd	uhd 620	win10	2.1
Inspiron 3476-8J61P11	11990.0	dell	14	hd	intel	3	8	4	1000	hdd	uhd 620	win10	2.0
Inspiron 3593-70197458	16390.0	dell	15	fhd	intel	5	10	4	1000	hdd	mx230	win10	2.2
Inspiron 3481-030CX2	11790.0	dell	14	hd	intel	3	7	4	1000	hdd	hd 620	win10	1.7
Inspiron 3580-70194513	21990.0	dell	15	fhd	intel	7	8	8	2000	hdd	radeon 520	win10	2.3
Vostro 3478-R3M961	14490.0	dell	14	hd	intel	5	8	4	1000	hdd	radeon r5 520	free dos	2.3
Inspiron 3467-M20NR3	10489.6	dell	14	hd	intel	3	7	4	1000	hdd	hd 620	free dos	2.0
Inspiron 5480-N5480B	23990.0	dell	14	fhd	intel	5	8	8	256	ssd	uhd 620	win10	1.6
Inspiron 3593-70197460	22990.0	dell	15	fhd	intel	7	10	8	512	ssd	mx230	win10	2.2
Vostro 3578-NGMPF11	20990.0	dell	15	fhd	intel	7	8	8	1000	hdd	radeon r5 520	win10	2.3
Vostro 3568-VTI321072	10490.0	dell	15	hd	intel	3	7	4	1000	hdd	hd 620	free dos	2.2
Vostro 5581-70175952	18000.0	dell	15	fhd	intel	5	8	4	1000	hdd	uhd 620	win10	1.9
Inspiron 5584-N5I5353W	21690.0	dell	15	fhd	intel	5	8	8	2000	hdd	mx130	win10	1.95
Inspiron 3476-N3476A	15390.0	dell	14	hd	intel	5	8	4	1000	hdd	radeon r5 520	free dos	2.0
Vostro 3578-V3578B	17190.0	dell	15	fhd	intel	5	8	4	1000	hdd	radeon 520	win10	2.3
Vostro 7570-V7570A	23990.0	dell	15	fhd	intel	5	7	4	1000	hdd	gtx 1050	win10	2.7
Inspiron 3476-8J61P1	10990.0	dell	14	hd	intel	3	8	4	1000	hdd	uhd 620	free dos	2.0
Vostro 5581-VRF6J1	19290.0	dell	15	fhd	intel	5	8	4	1000	hdd	mx130	win10	1.9
Inspiron 5570-N5570A	24990.0	dell	15	fhd	intel	7	8	8	1000	hdd	radeon 530	win10	2.1
G7 7588-N7588A	33390.0	dell	15	fhd	intel	7	8	8	1000	hdd	gtx 1050 ti	win10	2.7
Vostro 3468-70159379	10490.0	dell	14	hd	intel	3	7	4	1000	hdd	hd 620	free dos	1.9
Inspiron 5570-M5I5238W	17890.0	dell	15	fhd	intel	5	8	4	1000	hdd	radeon 530	win10	2.0
G7 7588-NCR6R1	25990.0	dell	15	fhd	intel	5	8	8	1000	hdd	gtx 1050 ti	free dos	2.8
Inspiron 5482-C2CPX1	27990.0	dell	14	fhd	intel	7	8	8	256	ssd	mx130	win10	2.0
Vostro 5471-70153001	24590.0	dell	14	fhd	intel	7	8	8	1000	hdd	radeon 530	win10	1.7
Vostro 5581-70175950	18000.0	dell	15	fhd	intel	5	8	4	1000	hdd	uhd 620	win10	1.9
Inspiron 3576-N3576C	10490.0	dell	15	hd	intel	3	8	4	1000	hdd	uhd 620	free dos	2.3
Inspiron 3580-70188451	21990.0	dell	15	fhd	intel	7	8	8	2000	hdd	radeon 520	win10	2.3
Inspiron 3593-70197459	22990.0	dell	15	fhd	intel	7	10	8	512	ssd	mx230	win10	2.2
Vostro 3578-V3578A	15990.0	dell	15	fhd	intel	5	8	4	1000	hdd	radeon r5 520	free dos	2.3
Inspiron 3576-70153188	14790.0	dell	15	fhd	intel	5	8	4	1000	hdd	radeon 520	free dos	2.1
Vostro 3578-NGMPF21	14590.0	dell	15	hd	intel	5	8	4	1000	hdd	uhd 620	win10	2.2
Vostro 3578-NGMPF1	18990.0	dell	15	fhd	intel	7	8	8	1000	hdd	radeon r5 520	free dos	2.3
Vostro 5471-70146452	25690.0	dell	14	fhd	intel	7	8	8	1000	hdd	radeon 530	win10	1.7
Inspiron 5480-X6C892	24490.0	dell	14	fhd	intel	5	8	8	256	ssd	mx150	win10	1.6
Inspiron 5570-N5570F	22990.0	dell	15	fhd	intel	7	8	8	256	ssd	radeon 530	free dos	2.1
Vostro 5481-V4I5227W	18490.0	dell	14	fhd	intel	5	8	4	1000	hdd	uhd 620	win10	1.6
Vostro 5581-V5581A	26990.0	dell	15	fhd	intel	7	8	8	256	ssd	mx130	win10	1.6
Vostro 3578-NGMPF12	18790.0	dell	15	fhd	intel	7	8	8	1000	hdd	radeon 520	free dos	2.2
Vostro 3480-70183778	14490.0	dell	14	hd	intel	5	8	4	1000	hdd	uhd 620	win10	1.8
Inspiron 3580-70186847	15690.0	dell	15	fhd	intel	5	8	4	1000	hdd	radeon 520	win10	2.3
Pavilion 14-ce2041TU	15490.0	hp	14	fhd	intel	5	8	4	1000	hdd	uhd 620	win10	1.6
Pavilion 14-ce2036TU (6YZ19PA)	13090.0	hp	14	fhd	intel	3	8	4	500	hdd	uhd 620	win10	1.4
Pavilion 15-cs2031TU (6YZ03PA)	13290.0	hp	15	fhd	intel	3	8	4	1000	hdd	uhd 620	win10	1.8
ProBook 440 G6 (5YM63PA)	13390.0	hp	14	hd	intel	3	8	4	500	hdd	uhd 620	free dos	1.6
ENVY X360 13-ar0072au (6ZF34PA)	26890.0	hp	13	fhd	amd	7	3	8	256	ssd	radeon vega 10	win10	1.3
ENVY 13-aq0026TU (6ZF38PA)	22490.0	hp	13	fhd	intel	5	8	8	256	ssd	uhd 620	win10	1.2
Pavilion 14-ce2038TU	15490.0	hp	14	fhd	intel	5	8	4	1000	hdd	uhd 620	win10	1.6
ProBook 440 G6 (5YM61PA)	17290.0	hp	14	fhd	intel	5	8	4	256	ssd	uhd 620	free dos	1.6
Pavilion 14-ce2034TU (6YZ17PA)	13290.0	hp	14	fhd	intel	3	8	4	1000	hdd	uhd 620	win10	1.6
ProBook 450 G6 (5YM79PA)	16490.0	hp	15	hd	intel	5	8	4	500	hdd	uhd 620	free dos	2.0
Pavilion X360 14-dh0103TU (6ZF24PA)	13890.0	hp	14	fhd	intel	3	8	4	1000	hdd	uhd 620	win10	1.6
Pavilion 15-cs2035TU (6YZ08PA)	16290.0	hp	15	fhd	intel	5	8	4	256	ssd	uhd 620	win10	1.63
Pavilion 15-cs0014TU (4MF01PA)	12990.0	hp	15	fhd	intel	3	8	4	1000	hdd	uhd 620	win10	1.8
Pavilion X360 14-dh0104TU (6ZF32PA)	16989.5	hp	14	fhd	intel	5	8	4	1000	hdd	uhd 620	win10	1.6
Pavilion 15-cs2033TU (6YZ14PA)	15490.0	hp	15	fhd	intel	5	8	4	1000	hdd	uhd 620	win10	1.9
14s (7VH92PA)	9590.0	hp	14	hd	amd	3	3	4	1000	hdd	radeon vega 3	win10	1.5
Pavilion 15-cs2032TU (6YZ04PA)	13290.0	hp	15	fhd	intel	3	8	4	1000	hdd	uhd 620	win10	1.8
ProBook 430 G5 (4SS49PA)	12390.0	hp	13	hd	intel	3	8	4	500	hdd	uhd 620	free dos	1.6
ProBook 450 G6 (5YM80PA)	17690.0	hp	15	hd	intel	5	8	8	1000	hdd	uhd 620	free dos	1.9
Pavilion 14-ce2037TU (6YZ13PA)	13290.0	hp	14	fhd	intel	3	8	4	1000	hdd	uhd 620	win10	1.6
Pavilion 15-cs2056TX (6YZ11PA)	16490.0	hp	15	fhd	intel	5	8	4	1000	hdd	mx130	win10	1.9
Pavilion 15-cs2034TU (6YZ06PA)	15490.0	hp	15	fhd	intel	5	8	4	1000	hdd	uhd 620	win10	1.8
ProBook 450 G6 (5YM81PA)	17590.0	hp	15	fhd	intel	5	8	4	256	ssd	uhd 620	free dos	1.9
ENVY 13-aq0027TU (6ZF43PA)	27490.0	hp	13	fhd	intel	7	8	8	256	ssd	uhd 620	win10	1.3
Pavilion Gaming 15-dk0232TX (8DS85PA)	27490.0	hp	15	fhd	intel	7	9	8	1000	hdd	gtx 1650	win10	2.2
Notebook 15-da1022TU (5NK80PA)	14390.0	hp	15	hd	intel	5	8	4	1000	hdd	uhd 620	win10	1.8
ProBook 450 G6 (6FG98PA)	18990.0	hp	15	fhd	intel	5	8	4	256	ssd	mx250	free dos	1.9
ProBook 430 G6 (5YN00PA)	17290.0	hp	13	hd	intel	5	8	4	256	ssd	uhd 620	free dos	1.4
ProBook 445 G6-6XP98PA	16000.0	hp	14	fhd	amd	5	2	4	1000	hdd	radeon vega 8	free dos	1.5
ProBook 430 G6 (6UX78PA)	18090.0	hp	13	hd	intel	5	8	4	256	ssd	uhd 620	win10	1.5
Pavilion 15-cs2057TX (6YZ20PA)	16490.0	hp	15	fhd	intel	5	8	4	1000	hdd	mx130	win10	1.8
Pavilion Gaming 15-dk0233TX (8DS86PA)	28990.0	hp	15	fhd	intel	7	9	8	512	ssd	gtx 1650	win10	2.2
Pavilion 14-ce2039TU	15490.0	hp	14	fhd	intel	5	8	4	1000	hdd	uhd 620	win10	1.6
ENVY 13-aq0025TU (6ZF33PA)	21490.0	hp	13	fhd	intel	5	8	8	128	ssd	uhd 620	win10	1.3
15s-du0062TU (6ZF73PA)	14690.0	hp	15	hd	intel	5	8	4	1000	hdd	uhd 620	win10	1.7
ProBook 430 G6 (6JG02PA)	16790.0	hp	13	hd	intel	5	8	4	1000	hdd	uhd 620	free dos	1.5
ProBook 440 G6 (5YM64PA)	16390.0	hp	14	hd	intel	5	8	4	500	hdd	uhd 620	free dos	1.6
Pavilion X360 14-cd1018TU (5HV88PA)	13490.0	hp	14	hd	intel	3	8	4	1000	hdd	uhd 620	win10	1.6
Pavilion 15-cs2000TU (6KX21PA)	13290.0	hp	15	fhd	intel	3	8	4	1000	hdd	uhd 620	win10	1.8
Pavilion Gaming 15-dk0231TX (8DS89PA)	23790.0	hp	15	fhd	intel	5	9	8	1000	hdd	gtx 1650	win10	2.2
Pavilion 14-ce1014TU (5JN05PA)	13090.0	hp	14	fhd	intel	3	8	4	500	hdd	uhd 620	win10	1.6
ProBook 440 G6 (6FG86PA)	22990.0	hp	14	fhd	intel	7	8	8	256	ssd	uhd 620	free dos	1.6
Pavilion Gaming 15-dk0000TX (7HR10PA)	25190.0	hp	15	fhd	intel	5	9	8	256	ssd	gtx 1650	win10	2.2
15-da1031TX (5NK55PA)	15390.0	hp	15	hd	intel	5	8	4	1000	hdd	mx110	win10	1.8
ProBook 450 G6 (6FG83PA)	24690.0	hp	15	fhd	intel	7	8	8	256	ssd	mx250	free dos	1.9
ProBook 430 G6 (5YM98PA)	17290.0	hp	13	hd	intel	5	8	4	1000	hdd	uhd 620	win10	1.5
Pavilion X360 11-ad104TU (4MF13PA)	12990.0	hp	11	hd	intel	3	8	4	500	hdd	uhd 620	win10	1.4
ProBook 430 G6 (6FG88PA)	22990.0	hp	13	fhd	intel	7	8	8	256	ssd	uhd 620	free dos	1.4
Pavilion 15-au109TU (Y4G14PA)	11490.0	hp	15	hd	intel	3	7	4	500	hdd	hd 620	win10	2.0
ProBook 440 G5 (2ZD34PA)	12590.0	hp	14	hd	intel	3	7	4	500	hdd	hd 620	free dos	1.6
ENVY 13-ah1010TU (5HY94PA)	21490.0	hp	13	fhd	intel	5	8	8	128	ssd	uhd 620	win10	1.3
ProBook 430 G6-5YM96PA	13590.0	hp	13	hd	intel	3	8	4	500	hdd	uhd 620	free dos	1.4
15-da0051TU (4ME64PA)	9990.0	hp	15	hd	intel	3	7	4	500	hdd	hd 620	win10	1.8
ProBook 440 G5 (4SS39PA)	12990.0	hp	14	hd	intel	3	8	4	500	hdd	uhd 620	free dos	1.63
14-ck1004TU (5QH64PA)	14390.0	hp	14	hd	intel	5	8	4	1000	hdd	uhd 620	win10	1.5
ProBook 445 G6-6XQ03PA	17399.0	hp	14	fhd	amd	5	2	8	256	ssd	radeon vega 8	free dos	1.5
Pavilion 15-cs2001TU (6KX30PA)	13290.0	hp	15	fhd	intel	3	8	4	1000	hdd	uhd 620	win10	1.8
348 G5 (7CS02PA)	9990.0	hp	14	hd	intel	3	7	4	500	hdd	hd 620	free dos	1.5
Pavilion 15-cs0016TU (4MF08PA)	12990.0	hp	15	fhd	intel	3	8	4	1000	hdd	uhd 620	win10	1.8
Pavilion Gaming 15-cx0177TX (5EF40PA)	25790.0	hp	15	fhd	intel	5	8	8	1000	hdd	gtx 1050	win10	2.2
ENVY 13-ah1012TU (5HZ19PA)	27490.0	hp	13	fhd	intel	7	8	8	256	ssd	uhd 620	win10	1.3
ENVY X360 13-ag0046AU (6CH40PA)	26890.0	hp	13	fhd	amd	7	2	8	256	ssd	radeon vega 10	win10	1.3
ENVY X360 13-ag0045AU (6CH38PA)	22890.0	hp	13	fhd	amd	5	2	8	256	ssd	radeon vega 8	win10	1.3
Pavilion X360 14-ba065TU (2GV27PA)	15490.0	hp	14	fhd	intel	5	7	4	500	hdd	hd 620	win10	1.6
Pavilion X360 14-ba120TU (3CH49PA)	16690.0	hp	14	fhd	intel	5	8	4	500	hdd	uhd 620	win10	1.8
ENVY 13-ah1011TU (5HZ28PA)	22490.0	hp	13	fhd	intel	5	8	8	256	ssd	uhd 620	win10	1.3
ENVY 13-aq0032TX (6ZF26PA)	28790.0	hp	13	fhd	intel	7	8	8	256	ssd	mx250	win10	1.3
Pavilion 15-cs2059TX (6YZ07PA)	21490.0	hp	15	fhd	intel	7	8	8	256	ssd	mx250	win10	1.7
ZBook 15 G6 (6CJ09AV)	53990.0	hp	15	fhd	intel	7	9	16	256	ssd	quadro t2000	free dos	2.6
14-bs712TU (3PH02PA)	6990.0	hp	14	hd	intel	1	3	4	500	hdd	hd 405	win10	1.6
Pavilion 15-cb540TX (4BN72PA)	22190.0	hp	15	fhd	intel	5	7	8	1000	hdd	gtx 1050	win10	2.3
15-da0033TX (4ME73PA)	14990.0	hp	15	hd	intel	5	8	4	1000	hdd	mx110	win10	1.8
Pavilion 14-ce1008TU (5JN06PA)	15390.0	hp	14	fhd	intel	5	8	4	1000	hdd	uhd 620	win10	1.6
Pavilion 14-ce1013TU (5JN20PA)	15390.0	hp	14	fhd	intel	5	8	4	1000	hdd	uhd 620	win10	1.6
240 G7 (6MM00PA)	13590.0	hp	14	hd	intel	5	8	4	1000	hdd	uhd 620	free dos	1.6
250 G7-6NY71PA	13990.0	hp	15	fhd	intel	5	8	4	1000	hdd	uhd 620	free dos	1.8
Pavilion x360 14-cd1020TU (5HV72PA)	16990.0	hp	14	fhd	intel	5	8	4	1000	hdd	uhd 620	win10	1.63
348 G5 (7CS43PA)	18590.0	hp	14	fhd	intel	7	8	8	1000	hdd	uhd 620	free dos	1.5
ProBook 450 G5 (2ZD43PA)	17500.0	hp	15	hd	intel	5	8	8	1000	hdd	uhd 620	free dos	2.1
Pavilion 14-bf036TU (3MT77PA)	12990.0	hp	14	fhd	intel	3	7	4	1000	hdd	hd 620	win10	1.5
Pavilion 14-bf035TU (3MS07PA)	12990.0	hp	14	fhd	intel	3	7	4	1000	hdd	hd 620	win10	1.5
Pavilion 14-ce0023TU (4MF06PA)	14990.0	hp	14	fhd	intel	5	8	4	1000	hdd	uhd 620	win10	1.6
Pavilion X360 14-ba080TU (3MR79PA)	13290.0	hp	14	hd	intel	3	7	4	1000	hdd	hd 620	win10	1.7
Pavilion 15-cb541TX (4NB73PA)	23190.0	hp	15	fhd	intel	5	7	8	1000	hdd	gtx 1050	win10	2.3
15-da0047TU (4ME62PA)	7390.0	hp	15	hd	intel	1	5	4	500	hdd	uhd 605	win10	1.8
Pavilion X360 14-cd0082TU (4MF15PA)	13490.0	hp	14	hd	intel	3	8	4	1000	hdd	uhd 620	win10	1.7
14-cK0068TU (4ME90PA)	10390.0	hp	14	hd	intel	3	7	4	500	hdd	hd 620	win10	1.6
Pavilion 15-cx0178TX (5EF41PA)	28690.0	hp	15	fhd	intel	7	8	8	1000	hdd	gtx 1050	win10	2.2
240 G6 (4AN57PA)	12990.0	hp	14	hd	intel	5	8	4	1000	hdd	uhd 620	free dos	1.9
Pavilion 14-ce0019TU (4ME99PA)	12990.0	hp	14	fhd	intel	3	8	4	1000	hdd	uhd 620	win10	1.6
Pavilion 15-cs1008TU (5JL24PA)	15390.0	hp	15	fhd	intel	5	8	4	1000	hdd	uhd 620	win10	1.9
Pavilion 15-cs1009TU (5JL43PA)	15390.0	hp	15	fhd	intel	5	8	4	1000	hdd	uhd 620	win10	1.9
Pavilion x360 14-cd0084TU (4MF18PA)	16980.0	hp	14	fhd	intel	5	8	4	1000	hdd	uhd 620	win10	1.7
Notebook 15-da1030TX (5NM13PA)	18390.0	hp	15	hd	intel	7	8	8	1000	hdd	mx130	win10	1.8
ProBook 440 G6 (5YM62PA)	22290.0	hp	14	fhd	intel	7	8	8	1000	hdd	uhd 620	free dos	1.6
EliteBook 745 G6-5ZU69PA	27790.0	hp	14	fhd	amd	5	2	8	256	ssd	radeon vega 8	win10	1.6
EliteBook 745 G5-5ZU71PA	34790.0	hp	14	fhd	amd	7	2	8	512	ssd	radeon vega 10	win10	1.6
Pavilion 15-cs2058TX (6YZ12PA)	20690.0	hp	15	fhd	intel	7	8	8	1000	hdd	mx250	win10	1.9
ProBook 450 G6 (5YM71PA)	13190.0	hp	15	hd	intel	3	8	4	500	hdd	uhd 620	free dos	1.9
ProBook 450 G6 (6FG97PA)	18590.0	hp	15	fhd	intel	5	8	4	500	hdd	mx130	free dos	2.0
ProBook 455 G6-6XA87PA	16999.0	hp	15	fhd	amd	5	2	8	1000	hdd	radeon vega 8	free dos	2.0
Pavilion 15-cc042TU (3MS16PA)	11690.0	hp	15	hd	intel	3	7	4	1000	hdd	hd 620	win10	2.1
15-bs667TX (3MS02PA)	15990.0	hp	15	fhd	intel	7	7	4	1000	hdd	radeon 530	win10	1.9
EliteBook 1050 G1 (5JJ71PA)	44990.0	hp	15	fhd	intel	7	8	16	512	ssd	gtx 1050	free dos	2.6
EliteBook X360 1030 G3 (5AS42PA)	49990.0	hp	13	fhd	intel	7	8	16	512	ssd	uhd 620	win10	1.3
ProBook 430 G6 (5YN03PA)	21990.0	hp	13	fhd	intel	7	8	4	256	ssd	uhd 620	free dos	1.4
ProBook 430 G6 (5YN22PA)	16490.0	hp	13	hd	intel	5	8	4	500	hdd	uhd 620	free dos	1.4
ProBook 430 G6 (5YN01PA)	22390.0	hp	13	fhd	intel	7	8	8	1000	hdd	uhd 620	free dos	1.4
250 G7-6MM08PA	15190.0	hp	15	fhd	intel	5	8	4	1000	hdd	mx110	free dos	1.8
ProBook 455 G6-6XA63PA	21399.0	hp	15	fhd	amd	7	2	8	256	ssd	radeon vega 10	free dos	2.0
EliteBook X360 1040 G6 (6QH36AV)	51990.0	hp	14	fhd	intel	7	8	16	512	ssd	uhd 620	win10 pro	1.4
EliteBook X360 830 G6 (7QR66PA)	34990.0	hp	13	fhd	intel	5	8	8	256	ssd	uhd 620	win10 pro	1.5
Ideapad 330-15KBR (81DE0278VN)	10290.0	lenovo	15	hd	intel	3	8	4	1000	hdd	uhd 620	free dos	2.2
Ideapad S340-15IWL (81N800AAVN)	14299.0	lenovo	15	fhd	intel	5	8	4	1000	hdd	uhd 620	win10	1.8
Ideapad L340-15IRH (81LK007JVN)	20500.0	lenovo	15	fhd	intel	7	9	8	1000	hdd	gtx 1050	free dos	2.2
Ideapad S340-14IWL-81N70064VN	12990.0	lenovo	14	fhd	intel	3	8	8	1000	hdd	uhd 620	win10	1.6
330-15IKB (81DE01JSVN)	12590.0	lenovo	15	hd	intel	5	8	4	500	hdd	radeon r7 m530	free dos	1.9
Ideapad L340-15IRH (81LK007HVN)	17500.0	lenovo	15	fhd	intel	5	9	8	1000	hdd	gtx 1050	free dos	2.2
ThinkPad E490 (20N8S0CJ00)	16490.0	lenovo	14	hd	intel	5	8	4	1000	hdd	uhd 620	free dos	1.8
Ideapad S340-15IWL (81N800RSVN)	12290.0	lenovo	15	fhd	intel	3	8	4	1000	hdd	uhd 620	win10	1.8
Legion Y530 (81FV00STVN)	23000.0	lenovo	15	fhd	intel	5	8	8	1000	hdd	gtx 1050	free dos	2.3
Ideapad 130-15IKB (81H7007JVN)	10990.0	lenovo	15	hd	intel	5	8	4	1000	hdd	uhd 620	free dos	2.1
330S-14IKBR (14IKBR 81F400NLVN)	12690.0	lenovo	14	fhd	intel	5	8	4	1000	hdd	uhd 620	win10	1.7
Ideapad S540-14IWL (81ND0053VN)	14990.0	lenovo	14	fhd	intel	3	8	8	512	ssd	uhd 620	win10	1.5
ThinkBook 13s-IWL-20R900DHVN	18490.0	lenovo	13	fhd	intel	5	8	8	256	ssd	uhd 620	win10	1.3
ThinkPad Edge E480 (20KN005GVA)	15490.0	lenovo	14	hd	intel	5	8	4	1000	hdd	uhd 620	free dos	1.7
V330-14IKBR (81B0008LVN)	13490.0	lenovo	14	hd	intel	5	8	4	1000	hdd	uhd 620	free dos	1.5
ThinkPad L390 (20NRS00100)	19789.0	lenovo	13	fhd	intel	5	8	4	256	ssd	uhd 620	free dos	1.5
V130-14IKB (81HQ00EQVN)	9990.0	lenovo	14	hd	intel	3	7	4	500	hdd	hd 620	free dos	1.5
ThinkPad E590 (20NBS07000)	16990.0	lenovo	15	hd	intel	5	8	4	1000	hdd	uhd 620	free dos	2.1
Ideapad S145-15IWL (81MV00F3VN)	7699.0	lenovo	15	fhd	intel	1	5	4	256	ssd	uhd 610	win10	1.9
Yoga S740-14IIL-81RS0036VN	24790.0	lenovo	14	fhd	intel	5	10	8	512	ssd	iris plus	win10	1.5
Yoga 520-14IKB (80X8016EVN)	12790.0	lenovo	14	hd	intel	3	7	4	1000	hdd	hd 620	win10	1.8
Ideapad 330-15IKBR (15IKBR 81DE010CVN)	11990.0	lenovo	15	hd	intel	3	7	4	2000	hdd	radeon 530	win10	2.2
ThinkPad L580 (20LWS00C00)	20590.0	lenovo	15	fhd	intel	5	8	8	1000	hdd	radeon 530	free dos	2.1
330-14IKBR (81G2007AVN)	11990.0	lenovo	14	fhd	intel	5	8	4	1000	hdd	uhd 620	free dos	1.7
Yoga 520-14IKBR (81C800LGVN)	13490.0	lenovo	14	hd	intel	3	7	4	1000	hdd	hd 620	win10	1.7
Ideapad 330-15IKB (81DE01KWVN)	12490.0	lenovo	15	hd	intel	5	8	4	1000	hdd	uhd 620	win10	2.2
ThinkPad E590 (20NBS00100)	18490.0	lenovo	15	fhd	intel	5	8	4	1000	hdd	radeon rx 550x	free dos	2.1
ThinkPad E490s-20NGS01K00	18890.0	lenovo	14	fhd	intel	5	8	8	256	ssd	uhd 620	free dos	1.6
V330-14IKB (81B0008QVN)	10990.0	lenovo	14	hd	intel	3	7	4	1000	hdd	hd 620	free dos	1.5
Ideapad S145-15IWL (81MV00F1VN)	6290.0	lenovo	15	fhd	intel	1	4	4	500	hdd	uhd 620	free dos	1.9
ThinkPad T490s (20NXS00000)	29990.0	lenovo	14	fhd	intel	5	8	8	256	ssd	uhd 620	free dos	1.4
Legion Y530 (81FV00SUVN)	25000.0	lenovo	15	fhd	intel	7	8	8	1000	hdd	gtx 1050	free dos	2.3
ThinkPad L390-20NRS00500	25390.0	lenovo	13	fhd	intel	7	8	8	256	ssd	uhd 620	free dos	1.5
Yoga S730-13IWL (81J0008SVN)	23990.0	lenovo	13	fhd	intel	5	8	8	512	ssd	uhd 620	win10	1.1
ThinkPad T490s (20NXS00200)	35490.0	lenovo	14	fhd	intel	7	8	8	256	ssd	uhd 620	free dos	1.4
V330-15IKB (81AX00MCVN)	13990.0	lenovo	15	hd	intel	5	8	4	1000	hdd	uhd 620	free dos	1.8
ThinkPad E490s-20NGS01N00	21490.0	lenovo	14	fhd	intel	7	8	8	256	ssd	uhd 620	free dos	1.6
Ideapad 330-14AST (81D5002BVN)	8290.0	lenovo	14	hd	intel	9	9	4	500	hdd	radeon r5	win10	2.1
Yoga S730-13IWL (81J00051VN)	23990.0	lenovo	13	fhd	intel	5	8	8	512	ssd	uhd 620	win10	1.1
ThinkPad E490 (20N8S0CK00)	17490.0	lenovo	14	hd	intel	5	8	4	1000	hdd	uhd 620	win10	1.7
ThinkPad X390 (20Q0S03M00)	29990.0	lenovo	13	fhd	intel	5	8	8	256	ssd	uhd 620	free dos	1.3
Ideapad 520s-14IKB (81BL0086VN)	14490.0	lenovo	14	fhd	intel	5	8	4	1000	hdd	uhd 620	win10	1.5
Ideapad 330-15IKBR (81DE0041VN)	12800.0	lenovo	15	hd	intel	5	8	4	1000	hdd	uhd 620	win10	2.2
Ideapad 330-14AST (81D5002CVN)	7290.0	lenovo	14	hd	amd	4	9	4	500	hdd	radeon r3	win10	2.1
ThinkPad Edge E580 (20KS005NVA)	15990.0	lenovo	15	hd	intel	5	8	4	1000	hdd	uhd 620	free dos	2.1
V330-15IKB (81AX00MBVN)	11290.0	lenovo	15	hd	intel	3	8	4	1000	hdd	uhd 620	free dos	1.8
ThinkPad L380 (20M5S01E00)	24990.0	lenovo	13	fhd	intel	7	8	8	256	ssd	uhd 620	free dos	1.5
Ideapad 330-15IKB (81DE024CVN)	12790.0	lenovo	15	fhd	intel	5	8	4	1000	hdd	uhd 620	win10	2.2
ThinkPad E470 (20H10034VN)	16490.0	lenovo	14	hd	intel	5	7	4	500	hdd	hd 620	win10	1.9
Yoga 520-14IKB (80X80107VN)	12490.0	lenovo	14	hd	intel	3	7	4	1000	hdd	hd 620	win10	1.7
Ideapad S530 13IWL (81J7003TVN)	18490.0	lenovo	13	fhd	intel	5	8	8	512	ssd	uhd 620	win10	1.2
Ideapad 130-15AST (81H50020VN)	6790.0	lenovo	15	hd	amd	4	9	4	500	hdd	radeon r3	win10	2.1
Legion Y740-15IRHG (81UH003JVN)	50000.0	lenovo	15	fhd	intel	7	9	16	1000	ssd	rtx 2060	win10	2.2
Ideapad 320-14ISK (80XG0083VN)	9800.0	lenovo	14	hd	intel	3	6	4	500	hdd	hd 520	win10	2.1
Ideapad 530s-14IKB 81EU007QVN	16590.0	lenovo	14	hd	intel	5	8	4	256	ssd	uhd 620	win10	1.4
MacBook Air 2019 MVFL2	36990.0	apple	13	qhd	intel	5	8	8	256	ssd	uhd 617	macos	1.3
"MacBook Air 2018 13"" MREA2"	31900.0	apple	13	qhd	intel	5	8	8	128	ssd	uhd 617	macos	1.2
MacBook Air 2019 MVFN2	36990.0	apple	13	qhd	intel	5	8	8	256	ssd	uhd 617	macos	1.3
MacBook Air 2019 MVFH2	31990.0	apple	13	qhd	intel	5	8	8	128	ssd	uhd 617	macos	1.3
MacBook Air 2019 MVFK2	31990.0	apple	13	qhd	intel	5	8	8	128	ssd	uhd 617	macos	1.3
MacBook Air 2019 MVFJ2	36990.0	apple	13	qhd	intel	5	8	8	256	ssd	uhd 617	macos	1.3
MacBook Air 2019 MVFM2	31990.0	apple	13	qhd	intel	5	8	8	128	ssd	uhd 617	macos	1.3
MacBook Pro 2019 MUHP2	39990.0	apple	13	qhd	intel	5	8	8	256	ssd	iris plus 645	macos	1.4
"MacBook Air 2018 13"" MRE82"	31900.0	apple	13	qhd	intel	5	8	8	128	ssd	uhd 617	macos	1.2
MacBook Pro 2019 MUHQ2	34990.0	apple	13	qhd	intel	5	8	8	128	ssd	iris plus 645	macos	1.4
"MacBook Air 2018 13"" MREE2"	31900.0	apple	13	qhd	intel	5	8	8	128	ssd	uhd 617	macos	1.2
MacBook Pro 2019 MUHN2	34990.0	apple	13	qhd	intel	5	8	8	128	ssd	iris plus 645	macos	1.4
MacBook Pro 2019 MV9A2	52000.0	apple	13	qhd	intel	5	8	8	512	ssd	iris plus 655	macos	1.4
MacBook Pro 2019 MUHR2	39990.0	apple	13	qhd	intel	5	8	8	256	ssd	iris plus 645	macos	1.4
"MacBook Air 2018 13"" MRE92"	36890.0	apple	13	qhd	intel	5	8	8	256	ssd	uhd 617	macos	1.2
"MacBook Air 2018 13"" MREF2"	36890.0	apple	13	qhd	intel	5	8	8	256	ssd	uhd 617	macos	1.2
MacBook Pro 2019 MV972	52000.0	apple	13	qhd	intel	5	8	8	512	ssd	iris plus 655	macos	1.4
MacBook Pro 2019 MV932	69990.0	apple	15	qhd	intel	5	8	16	512	ssd	radeon pro 560x	macos	1.8
GF63 Thin 9SC-071VN	23990.0	msi	15	fhd	intel	5	9	8	256	ssd	gtx 1650	win10	1.9
GL65 9SDK-054VN	29990.0	msi	15	fhd	intel	5	9	8	512	ssd	gtx 1660 ti	win10	2.3
GF63 Thin 9RCX-646VN	21490.0	msi	15	fhd	intel	5	9	8	512	ssd	gtx 1050 ti	win10	1.9
Thin GF75 9RCX-432VN	22200.0	msi	17	fhd	intel	5	9	8	256	ssd	gtx 1050 ti	win10	2.2
Thin GF65 9SD-070VN	28490.0	msi	15	fhd	intel	5	9	8	512	ssd	gtx 1660 ti	win10	1.8
GF63 Thin 9RCX-645VN	23990.0	msi	15	fhd	intel	7	9	8	512	ssd	gtx 1050 ti	win10	1.9
PS42 Modern 8M-478VN	21990.0	msi	14	fhd	intel	5	8	8	256	ssd	uhd 620	win10	1.2
GS65 Stealth 9SD-1409VN	36490.0	msi	15	fhd	intel	5	9	8	512	ssd	gtx 1660 ti	win10	1.9
GF63 8RD-242VN	23490.0	msi	15	fhd	intel	5	8	8	1000	hdd	gtx 1050 ti	win10	1.9
GF63 Thin 9SC-070VN	25990.0	msi	15	fhd	intel	7	9	8	256	ssd	gtx 1650	win10	1.9
Modern 14 A10RB-686VN	23990.0	msi	14	fhd	intel	7	10	8	512	ssd	mx250	win10	1.2
GL65 9SDK-254VN	32490.0	msi	15	fhd	intel	7	9	8	512	ssd	gtx 1660 ti	win10	2.3
GF63 8RC-243VN	22990.0	msi	15	fhd	intel	5	8	8	1000	hdd	gtx 1050	win10	1.9
GL63 9SD-843VN	35990.0	msi	15	fhd	intel	7	9	8	512	ssd	gtx 1660 ti	win10	2.3
GP65 Leopard 9SD-224VN	37990.0	msi	15	fhd	intel	7	9	16	512	ssd	gtx 1660 ti	win10	2.3
GL63 8RC-436VN	25490.0	msi	15	fhd	intel	7	8	8	1000	hdd	gtx 1050	win10	2.2
GL73 8RC-230VN	25990.0	msi	17	fhd	intel	7	8	8	1000	hdd	gtx 1050	win10	2.7
GF75 Thin 8SC-025VN	29990.0	msi	17	fhd	intel	7	8	8	256	ssd	gtx 1650	win10	2.2
Thin GF75 9RCX-430VN	24490.0	msi	17	fhd	intel	7	9	8	256	ssd	gtx 1050 ti	win10	2.2
Thin GF75 9SC-450VN	26990.0	msi	17	fhd	intel	7	9	8	256	ssd	gtx 1650	win10	2.2
Prestige 15 A10SC-222VN	33999.0	msi	15	fhd	intel	7	10	16	512	ssd	gtx 1650	win10	1.6
GP63 Leopard 8RD-434VN	31490.0	msi	15	fhd	intel	7	8	16	1000	hdd	gtx 1050 ti	win10	2.2
Prestige P65 Creator 8RE-069VN	44990.0	msi	15	fhd	intel	7	8	16	256	ssd	gtx 1060	win10	1.9
GS65 Stealth Thin 8RE-630VN	46990.0	msi	15	fhd	intel	7	8	16	256	ssd	gtx 1060	win10	1.9
GL65 9SEK-047VN	39990.0	msi	15	fhd	intel	7	9	16	512	ssd	rtx 2060	win10	2.3
Prestige 14 A10RB-028VN	28990.0	msi	14	fhd	intel	7	10	16	512	ssd	mx250	win10	1.3
GP75 Leopard 9SE-876VN	42990.0	msi	17	fhd	intel	7	9	16	512	ssd	rtx 2060	win10	2.6
